"Symbol","Date","Open","High","Low","Close","Percent Change","Volume"
"NTC","2025-07-10","851","855","849","853.3","0.80 %","20,896.00"
"NTC","2025-07-09","843","850","842","846.55","0.18 %","11,850.00"
"NTC","2025-07-08","850","850","844","845.03","-0.44 %","16,713.00"
"NTC","2025-07-07","850","858.7","845","848.77","-0.29 %","12,972.00"
"NTC","2025-07-06","860","860","848.3","851.24","0.62 %","27,701.00"
"NTC","2025-07-03","861","866.6","844","846.03","-0.42 %","32,041.00"
"NTC","2025-07-02","841.2","850","841.1","849.64","1.13 %","14,608.00"
"NTC","2025-07-01","855.1","855.1","837","840.13","0.21 %","14,718.00"
"NTC","2025-06-30","840","846.4","838","838.34","-0.25 %","12,222.00"
"NTC","2025-06-29","840","848","838","840.48","0.07 %","11,399.00"
"NTC","2025-06-26","843","850","839","839.88","-0.38 %","13,345.00"
"NTC","2025-06-25","841","848","839.1","843.11","0.31 %","9,234.00"
"NTC","2025-06-24","850","852","840","840.52","-0.25 %","9,432.00"
"NTC","2025-06-23","840","850","838.1","842.62","0.51 %","5,467.00"
"NTC","2025-06-22","845","851","838","838.36","-0.39 %","26,643.00"
"NTC","2025-06-19","844.6","848","841","841.64","-0.35 %","17,033.00"
"NTC","2025-06-18","846.1","850","844.3","844.6","-0.29 %","19,247.00"
"NTC","2025-06-17","850","855","846.3","847.09","-0.34 %","10,717.00"
"NTC","2025-06-16","850","863","848","849.96","0.18 %","13,435.00"
"NTC","2025-06-15","870.9","870.9","848","848.46","-0.76 %","24,915.00"
"NTC","2025-06-12","851","867.9","849","854.96","0.12 %","8,879.00"
"NTC","2025-06-11","868","869","851","853.97","-1.61 %","18,021.00"
"NTC","2025-06-10","840","877.9","840","867.97","3.54 %","416,831.00"
"NTC","2025-06-09","850","851","835","838.29","-1.29 %","56,919.00"
"NTC","2025-06-08","872.4","872.4","847.8","849.24","-0.72 %","31,928.00"
"NTC","2025-06-05","867","867","854.3","855.37","-0.58 %","22,405.00"
"NTC","2025-06-04","862","865.6","858.9","860.4","-0.22 %","26,338.00"
"NTC","2025-06-03","866","866","861.2","862.32","-0.33 %","20,267.00"
"NTC","2025-06-02","875","875","860","865.14","-1.10 %","40,156.00"
"NTC","2025-05-28","875.2","885","870","874.75","-0.48 %","8,772.00"
"NTC","2025-05-27","880","880","875","878.94","-0.06 %","5,051.00"
"NTC","2025-05-26","888","897","879","879.45","-0.03 %","13,918.00"
"NTC","2025-05-25","888","889","878","879.71","-0.01 %","14,683.00"
"NTC","2025-05-22","879","888.4","871","879.77","0.77 %","129,924.00"
"NTC","2025-05-21","885.5","898.8","870","873.04","0.42 %","22,417.00"
"NTC","2025-05-20","865","870","852.5","869.4","0.53 %","21,691.00"
"NTC","2025-05-19","865","870","837.9","864.85","-0.49 %","30,016.00"
"NTC","2025-05-18","871","879","867.8","869.09","0.10 %","22,279.00"
"NTC","2025-05-15","879","879","866","868.19","0.46 %","12,215.00"
"NTC","2025-05-14","860.1","880","860.1","864.23","-0.45 %","22,012.00"
"NTC","2025-05-13","875","885","865","868.18","-0.42 %","22,571.00"
"NTC","2025-05-11","885","888.9","870","871.84","-0.49 %","20,086.00"
"NTC","2025-05-08","894","894","873","876.14","-0.85 %","11,604.00"
"NTC","2025-05-07","862.6","884","858","883.69","2.51 %","22,649.00"
"NTC","2025-05-06","885","885","860","862.04","-1.34 %","40,324.00"
"NTC","2025-05-05","876","883.9","872","873.71","-0.24 %","23,179.00"
"NTC","2025-05-04","893.5","893.5","875","875.81","-0.04 %","21,824.00"
"NTC","2025-04-30","900","900","874.9","876.13","-1.56 %","32,042.00"
"NTC","2025-04-29","903","903","880","890.05","0.00 %","67,116.00"
"NTC","2025-04-28","896","896","888","890.01","-0.51 %","21,672.00"
"NTC","2025-04-27","894.8","900","892","894.57","0.36 %","9,998.00"
"NTC","2025-04-24","891","895.3","890","891.37","0.11 %","13,876.00"
"NTC","2025-04-23","906.4","906.4","890","890.39","-0.33 %","14,084.00"
"NTC","2025-04-22","914","914","891","893.38","-0.40 %","11,526.00"
"NTC","2025-04-21","890.1","904.7","890.1","896.99","-0.19 %","8,776.00"
"NTC","2025-04-20","915","915","890","898.67","-0.45 %","33,331.00"
"NTC","2025-04-17","910.5","910.5","887.1","902.74","1.13 %","10,391.00"
"NTC","2025-04-16","903","904.9","881.1","892.68","-1.25 %","77,630.00"
"NTC","2025-04-15","915","915","897.2","903.95","0.46 %","11,190.00"
"NTC","2025-04-13","892.2","900","892.2","899.84","0.35 %","8,059.00"
"NTC","2025-04-10","908.7","908.9","895","896.73","-0.40 %","19,670.00"
"NTC","2025-04-09","914","914","900","900.34","0.41 %","12,518.00"
"NTC","2025-04-08","895","901","891.1","896.64","-0.41 %","23,207.00"
"NTC","2025-04-07","900","909.5","892","900.35","-0.14 %","12,613.00"
"NTC","2025-04-03","909.9","909.9","900.2","901.57","-0.09 %","14,483.00"
"NTC","2025-04-02","901.7","909.6","900.1","902.39","0.08 %","11,705.00"
"NTC","2025-04-01","903","909.8","900","901.7","-0.29 %","8,809.00"
"NTC","2025-03-30","901","915","900","904.29","0.42 %","23,704.00"
"NTC","2025-03-27","906.8","907","890.1","900.47","0.78 %","9,185.00"
"NTC","2025-03-26","905","905","888.1","893.51","0.40 %","13,062.00"
"NTC","2025-03-25","920.5","920.5","885.1","889.97","-1.39 %","23,561.00"
"NTC","2025-03-24","890.9","905","887","902.53","1.27 %","11,099.00"
"NTC","2025-03-23","902","902.9","890","891.24","-1.12 %","21,537.00"
"NTC","2025-03-20","921","921","900","901.37","-0.40 %","17,075.00"
"NTC","2025-03-19","923","923","900","905","-0.22 %","12,317.00"
"NTC","2025-03-18","923.1","923.1","903","907","0.22 %","16,538.00"
"NTC","2025-03-17","909","919.9","900.1","905","-0.44 %","28,455.00"
"NTC","2025-03-16","929.9","929.9","905","909","-0.66 %","19,225.00"
"NTC","2025-03-12","904","916","904","915","1.23 %","24,898.00"
"NTC","2025-03-11","918","922","901","903.9","-0.45 %","14,368.00"
"NTC","2025-03-10","910","925","902.1","908","-0.22 %","15,290.00"
"NTC","2025-03-09","928","933","905","910","-1.94 %","28,346.00"
"NTC","2025-03-06","943.5","943.5","925","928","0.32 %","14,694.00"
"NTC","2025-03-05","931","945","923.1","925","-1.70 %","28,910.00"
"NTC","2025-03-04","982.2","982.2","935","941","-2.28 %","40,508.00"
"NTC","2025-03-03","988.3","996.3","960.1","963","-0.62 %","67,669.00"
"NTC","2025-03-02","925","974.1","925","969","4.87 %","85,156.00"
"NTC","2025-02-27","926.1","926.1","917","924","0.99 %","31,979.00"
"NTC","2025-02-25","920","926.9","910","914.9","-0.23 %","16,855.00"
"NTC","2025-02-24","929","929","905","917","0.60 %","45,345.00"
"NTC","2025-02-23","891.8","914.9","891.8","911.5","0.16 %","25,899.00"
"NTC","2025-02-20","910","921","908","910","0.00 %","25,513.00"
"NTC","2025-02-18","902","911.9","895.1","910","1.45 %","30,997.00"
"NTC","2025-02-17","898.9","901","885","897","1.36 %","18,497.00"
"NTC","2025-02-16","890","890","880.2","885","0.57 %","12,892.00"
"NTC","2025-02-13","881","885","878.1","880","-0.11 %","16,608.00"
"NTC","2025-02-12","880","890","876","881","-0.34 %","30,008.00"
"NTC","2025-02-11","888","896.9","882","884","-0.45 %","16,770.00"
"NTC","2025-02-10","900","900","885","888","-0.45 %","17,702.00"
"NTC","2025-02-09","905","909.5","890","892","-1.01 %","16,984.00"
"NTC","2025-02-06","907","907","900","901.1","-0.60 %","18,337.00"
"NTC","2025-02-05","910","920","902","906.5","-0.38 %","30,104.00"
"NTC","2025-02-04","929.1","929.1","909.9","910","-1.09 %","24,609.00"
"NTC","2025-02-03","932.5","945","917","920","-0.76 %","26,153.00"
"NTC","2025-02-02","924","927","910.5","927","2.21 %","31,213.00"
"NTC","2025-01-28","916.9","916.9","900","907","0.61 %","11,351.00"
"NTC","2025-01-27","911","913","899.9","901.5","-0.61 %","12,071.00"
"NTC","2025-01-26","922","929","907","907","-1.52 %","17,074.00"
"NTC","2025-01-23","920","934","920","921","0.46 %","26,075.00"
"NTC","2025-01-22","890","917","889","916.8","3.59 %","32,509.00"
"NTC","2025-01-21","892","892","880","885","0.67 %","12,751.00"
"NTC","2025-01-20","892","892","879","879.1","0.01 %","11,172.00"
"NTC","2025-01-19","878.1","885","874.1","879","0.10 %","11,594.00"
"NTC","2025-01-16","875","885","875","878.1","0.47 %","10,441.00"
"NTC","2025-01-15","891","898.9","874","874","-1.58 %","18,678.00"
"NTC","2025-01-13","903","904","887.3","888","-1.34 %","21,784.00"
"NTC","2025-01-12","925.1","925.1","900","900.1","-0.76 %","12,889.00"
"NTC","2025-01-09","912","916","905","907","-0.55 %","23,532.00"
"NTC","2025-01-08","920","929.9","910.5","912","-0.32 %","14,356.00"
"NTC","2025-01-07","932","932","908","914.9","0.10 %","16,020.00"
"NTC","2025-01-06","930","930","905","914","0.22 %","17,641.00"
"NTC","2025-01-05","915.3","920","905","912","-0.76 %","24,125.00"
"NTC","2025-01-02","931","931","916","919","-3.25 %","33,053.00"
"NTC","2025-01-01","971.1","971.1","948","949.9","-0.23 %","59,232.00"
"NTC","2024-12-31","960.3","965","950.1","952.1","-0.85 %","24,290.00"
"NTC","2024-12-29","951","962","951","960.3","1.19 %","35,783.00"
"NTC","2024-12-26","943","950","943","949","0.64 %","22,193.00"
"NTC","2024-12-24","939","952","939","943","0.08 %","15,851.00"
"NTC","2024-12-23","945","954","925","942.2","-0.08 %","19,818.00"
"NTC","2024-12-22","955.7","973","942","943","0.64 %","41,267.00"
"NTC","2024-12-19","942","950","930","937","-0.53 %","23,427.00"
"NTC","2024-12-18","946","952","940","942","-0.42 %","13,557.00"
"NTC","2024-12-17","945","949.9","937","946","0.42 %","12,083.00"
"NTC","2024-12-16","969","969","937.9","942","-0.84 %","23,470.00"
"NTC","2024-12-12","970","970","950","950","-1.24 %","15,518.00"
"NTC","2024-12-11","969","969","951","961.9","0.72 %","15,840.00"
"NTC","2024-12-10","968.5","968.5","950","955","0.12 %","10,810.00"
"NTC","2024-12-09","966.9","966.9","944.1","953.9","0.51 %","11,470.00"
"NTC","2024-12-08","970","970","945.1","949.1","-0.73 %","24,234.00"
"NTC","2024-12-05","959","969","955","956.1","-0.30 %","18,638.00"
"NTC","2024-12-04","988.3","988.3","951","959","-1.03 %","24,325.00"
"NTC","2024-12-03","983.2","983.2","950","969","0.52 %","46,033.00"
"NTC","2024-12-02","989.4","989.4","958.1","964","-0.62 %","49,707.00"
"NTC","2024-12-01","1000","1000","967","970","-1.22 %","17,950.00"
"NTC","2024-11-28","991","999","980","982","-0.62 %","13,035.00"
"NTC","2024-11-27","995","1040","983","988.1","0.53 %","20,161.00"
"NTC","2024-11-26","995","995","975","982.9","0.71 %","15,520.00"
"NTC","2024-11-25","970","1053","960","976","1.56 %","31,501.00"
"NTC","2024-11-24","970","978","960","961","-0.41 %","34,014.00"
"NTC","2024-11-21","980","997","965","965","-1.43 %","26,069.00"
"NTC","2024-11-20","977.5","979","970.1","979","0.31 %","26,692.00"
"NTC","2024-11-19","1004.7","1004.7","975.1","976","-0.91 %","27,869.00"
"NTC","2024-11-17","981","999","979","985","-0.81 %","49,529.00"
"NTC","2024-11-14","994.9","1000","980","993","0.81 %","33,199.00"
"NTC","2024-11-13","995","999","981","985","-1.01 %","45,738.00"
"NTC","2024-11-12","1030","1030","980","995","-1.68 %","73,654.00"
"NTC","2024-11-11","1025","1107","997.1","1012","-0.30 %","80,390.00"
"NTC","2024-11-10","1000","1068","980","1015","2.63 %","134,838.00"
"NTC","2024-11-06","977.1","1001","977.1","989","-0.10 %","12,051.00"
"NTC","2024-11-05","995","995","980","990","1.01 %","9,519.00"
"NTC","2024-10-30","1005","1005","976.1","980.1","-0.70 %","10,317.00"
"NTC","2024-10-29","980","989","976.3","987","1.30 %","13,104.00"
"NTC","2024-10-28","989.9","989.9","973.1","974.3","0.12 %","5,223.00"
"NTC","2024-10-27","975","980","973","973.1","-0.40 %","9,576.00"
"NTC","2024-10-24","995","997","977","977","-0.32 %","19,320.00"
"NTC","2024-10-23","977.8","1000","977","980.1","-0.24 %","10,217.00"
"NTC","2024-10-22","975","988","975","982.5","0.86 %","8,673.00"
"NTC","2024-10-21","987","987","973.2","974.1","-1.60 %","25,677.00"
"NTC","2024-10-20","1010","1010","976.2","989.9","-1.94 %","33,114.00"
"NTC","2024-10-17","1013","1023","995","1009.5","1.10 %","41,341.00"
"NTC","2024-10-16","980","1004","980","998.5","0.50 %","23,993.00"
"NTC","2024-10-15","988","1000","988","993.5","0.56 %","9,161.00"
"NTC","2024-10-09","985","994.9","985","988","-0.20 %","14,408.00"
"NTC","2024-10-08","1000","1000","984","990","-0.50 %","22,518.00"
"NTC","2024-10-07","950","1000","950","995","2.79 %","45,780.00"
"NTC","2024-10-06","945","975","945","968","1.36 %","18,031.00"
"NTC","2024-10-02","956","979","950","955","-0.05 %","20,834.00"
"NTC","2024-10-01","919.9","957","919.9","955.5","3.87 %","35,588.00"
"NTC","2024-09-30","926.5","926.5","910","919.9","1.09 %","10,650.00"
"NTC","2024-09-29","912","915","900","910","-0.22 %","16,387.00"
"NTC","2024-09-26","930","932","912","912","-0.22 %","25,483.00"
"NTC","2024-09-25","901","920","895","914","1.22 %","19,780.00"
"NTC","2024-09-24","916.1","935","900.1","903","-2.69 %","26,123.00"
"NTC","2024-09-23","940","949","927","928","-1.80 %","30,523.00"
"NTC","2024-09-22","960.8","979","940","945","0.32 %","26,618.00"
"NTC","2024-09-18","950","955","939","942","-0.52 %","34,601.00"
"NTC","2024-09-16","980","980","941","946.9","-2.08 %","38,521.00"
"NTC","2024-09-15","986","995","966.4","967","-1.83 %","52,289.00"
"NTC","2024-09-12","984.3","987","960.1","985","2.07 %","27,804.00"
"NTC","2024-09-11","975.1","992","963","965","-1.03 %","32,622.00"
"NTC","2024-09-10","980","999.6","968.3","975","0.83 %","59,563.00"
"NTC","2024-09-09","999","999","967","967","-1.43 %","66,958.00"
"NTC","2024-09-08","1001","1002","980","981","-1.41 %","33,481.00"
"NTC","2024-09-05","985","1003","976","995","0.60 %","90,926.00"
"NTC","2024-09-04","1050","1050","988","989.1","-3.97 %","65,524.00"
"NTC","2024-09-03","1044","1044","1018","1030","0.10 %","92,379.00"
"NTC","2024-09-02","984","1045","976","1029","4.57 %","95,891.00"
"NTC","2024-09-01","993","1005","978","984","-0.82 %","96,456.00"
"NTC","2024-08-29","1015","1015","988.2","992.1","-1.09 %","68,842.00"
"NTC","2024-08-28","1015","1039.9","995","1003","0.20 %","83,564.00"
"NTC","2024-08-27","1059.7","1059.7","1000","1001","-3.66 %","130,523.00"
"NTC","2024-08-25","1071","1075","1038.1","1039","-2.72 %","92,180.00"
"NTC","2024-08-22","1065","1082.5","1060.1","1068","0.38 %","94,440.00"
"NTC","2024-08-21","1080","1096","1060","1064","-1.48 %","106,534.00"
"NTC","2024-08-18","1120","1124","1074","1080","-3.04 %","222,154.00"
"NTC","2024-08-15","1125","1125","1104.9","1113.9","-0.99 %","220,875.00"
"NTC","2024-08-14","1145","1214","1117","1125","0.00 %","120,217.00"
"NTC","2024-08-13","1135","1146","1116.1","1125","0.27 %","115,805.00"
"NTC","2024-08-12","1146.4","1150","1099","1122","-0.18 %","139,467.00"
"NTC","2024-08-11","1067","1141.3","1066","1124","5.64 %","189,874.00"
"NTC","2024-08-08","1099.5","1109","1060","1064","-1.39 %","117,906.00"
"NTC","2024-08-07","1040","1080","1010","1079","5.78 %","138,044.00"
"NTC","2024-08-06","1040","1109","1011.3","1020","-1.92 %","286,878.00"
"NTC","2024-08-05","1020","1048","1005","1040","4.00 %","160,572.00"
"NTC","2024-08-01","1026","1026","991.8","1000","-0.60 %","144,657.00"
"NTC","2024-07-31","993","1019","990","1006","2.78 %","183,752.00"
"NTC","2024-07-30","979","992.8","950.6","978.8","-0.02 %","85,284.00"
"NTC","2024-07-29","989.4","1000","961","979","0.93 %","143,324.00"
"NTC","2024-07-28","942.5","984.3","934","970","4.97 %","109,965.00"
"NTC","2024-07-25","942","942","921","924.1","0.01 %","56,996.00"
"NTC","2024-07-24","943.5","955","917","924","-1.60 %","101,855.00"
"NTC","2024-07-23","946","946","915","939","1.19 %","73,552.00"
"NTC","2024-07-22","947","947","920","928","-0.59 %","91,348.00"
"NTC","2024-07-21","910","951.6","910","933.5","2.70 %","122,476.00"
"NTC","2024-07-18","881","943","877","909","4.00 %","101,101.00"
"NTC","2024-07-17","881.2","881.2","865.1","874","1.16 %","52,761.00"
"NTC","2024-07-16","850","866","846.2","864","2.25 %","37,773.00"
"NTC","2024-07-15","865","869","842","845","-1.04 %","48,019.00"
"NTC","2024-07-14","854.7","871","843","853.9","1.90 %","47,029.00"
"NTC","2024-07-11","840","842","832","838","1.32 %","34,297.00"
"NTC","2024-07-10","805","831","805","827.1","0.73 %","29,463.00"
"NTC","2024-07-09","821.8","824.9","814","821.1","0.63 %","22,317.00"
"NTC","2024-07-08","820","823.9","815","816","-0.48 %","22,093.00"
"NTC","2024-07-07","822","824.8","808.2","819.9","1.22 %","40,969.00"
"NTC","2024-07-04","835.3","835.3","804","810","-1.10 %","76,731.00"
"NTC","2024-07-03","820","822","812","819","0.12 %","13,705.00"
"NTC","2024-07-02","823.5","852","812","818","1.31 %","30,500.00"
"NTC","2024-07-01","815","816","800","807.4","-0.20 %","38,953.00"
"NTC","2024-06-30","802","879.7","802","809","-0.48 %","24,459.00"
"NTC","2024-06-27","805","816.9","803","812.9","0.00 %","27,286.00"
"NTC","2024-06-26","833.8","833.8","800","812.9","-0.56 %","43,828.00"
"NTC","2024-06-25","817","820.9","810","817.5","0.06 %","20,410.00"
"NTC","2024-06-24","815","820","802.6","817","0.12 %","41,486.00"
"NTC","2024-06-23","821","870.1","800","816","-0.11 %","69,427.00"
"NTC","2024-06-20","838.4","838.4","809.1","816.9","-0.62 %","63,408.00"
"NTC","2024-06-19","828","828.9","821","822","0.24 %","10,020.00"
"NTC","2024-06-18","829","834.9","815","820","-1.20 %","43,044.00"
"NTC","2024-06-16","846","846","823","830","-0.35 %","36,497.00"
"NTC","2024-06-13","836","838.9","828","832.9","-0.37 %","28,220.00"
"NTC","2024-06-12","842","848","831.6","836","0.24 %","24,817.00"
"NTC","2024-06-11","846.6","846.6","828","834","0.48 %","31,882.00"
"NTC","2024-06-10","848.5","848.5","827","830","-0.23 %","26,458.00"
"NTC","2024-06-09","849.7","849.7","830","831.9","-0.14 %","13,075.00"
"NTC","2024-06-06","844.9","844.9","830.7","833.1","0.30 %","7,218.00"
"NTC","2024-06-05","856","856","830.3","830.6","-1.12 %","19,370.00"
"NTC","2024-06-04","856.6","856.6","837.6","840","0.01 %","5,148.00"
"NTC","2024-06-03","850","850","836.1","839.9","-0.37 %","8,088.00"
"NTC","2024-06-02","835","845","835","843","1.31 %","9,811.00"
"NTC","2024-05-30","826","855","825.8","832.1","-1.18 %","8,298.00"
"NTC","2024-05-29","864.2","898.6","840.2","842","-0.63 %","16,838.00"
"NTC","2024-05-27","849.5","850","842","847.3","-0.20 %","8,660.00"
"NTC","2024-05-26","851","854","845.2","849","-0.12 %","14,458.00"
"NTC","2024-05-22","873.1","873.1","843.1","850","-0.70 %","22,913.00"
"NTC","2024-05-21","850","858","850","856","-0.12 %","8,202.00"
"NTC","2024-05-20","850","864.9","850","857","0.82 %","28,542.00"
"NTC","2024-05-19","846.6","853","829","850","2.41 %","35,726.00"
"NTC","2024-05-16","845.5","845.5","821","830","0.12 %","11,964.00"
"NTC","2024-05-15","832","835.3","820","829","-0.36 %","16,617.00"
"NTC","2024-05-14","823","833.9","817.3","832","1.09 %","19,903.00"
"NTC","2024-05-13","815","823","815","823","1.35 %","12,105.00"
"NTC","2024-05-12","816","819","808","812","0.62 %","14,214.00"
"NTC","2024-05-09","822.9","822.9","806","807","-0.12 %","12,325.00"
"NTC","2024-05-08","810","819.8","806","808","-1.34 %","10,826.00"
"NTC","2024-05-07","810","876.8","803","819","1.36 %","19,347.00"
"NTC","2024-05-06","817","817","801","808","-0.83 %","26,775.00"
"NTC","2024-05-05","820","824.8","812","814.8","-0.63 %","23,237.00"
"NTC","2024-05-02","846.3","846.3","819","820","-1.18 %","21,453.00"
"NTC","2024-04-30","840","840","822","829.8","0.06 %","17,323.00"
"NTC","2024-04-29","835","839.5","829","829.3","-0.80 %","13,398.00"
"NTC","2024-04-28","810.5","841","810.5","836","1.09 %","9,166.00"
"NTC","2024-04-25","829","834","825.1","827","-0.23 %","13,183.00"
"NTC","2024-04-24","826","834","822","828.9","0.44 %","11,293.00"
"NTC","2024-04-22","825","835","820.2","825.3","-0.43 %","7,505.00"
"NTC","2024-04-21","835","835","819","828.9","1.21 %","30,750.00"
"NTC","2024-04-18","825","830","818.4","819","-0.97 %","56,097.00"
"NTC","2024-04-16","815.4","834.9","815.4","827","-0.60 %","18,794.00"
"NTC","2024-04-15","844.8","844.8","825","832","-0.48 %","20,137.00"
"NTC","2024-04-14","848.8","848.8","830","836","0.24 %","10,311.00"
"NTC","2024-04-10","838","853.8","833","834","-1.30 %","17,949.00"
"NTC","2024-04-09","856.8","856.8","839.9","845","0.60 %","13,314.00"
"NTC","2024-04-07","850","850","833","840","0.77 %","8,488.00"
"NTC","2024-04-04","839","840","833.5","833.6","-0.64 %","14,947.00"
"NTC","2024-04-03","850","850","832","839","0.12 %","15,261.00"
"NTC","2024-04-02","842","843","836.2","838","-0.12 %","13,426.00"
"NTC","2024-04-01","836","848","836","839","-0.13 %","17,835.00"
"NTC","2024-03-31","850","850","840","840.1","-0.88 %","20,723.00"
"NTC","2024-03-28","849.9","850","840","847.6","0.31 %","15,889.00"
"NTC","2024-03-27","848","858","842","845","-0.33 %","11,455.00"
"NTC","2024-03-26","847","854","840","847.8","0.12 %","11,650.00"
"NTC","2024-03-25","854","860","846.8","846.8","-0.84 %","9,328.00"
"NTC","2024-03-21","866","867","849.9","854","-0.49 %","13,948.00"
"NTC","2024-03-20","860","875","858.2","858.2","-0.79 %","16,737.00"
"NTC","2024-03-19","858","875","858","865","-0.46 %","13,044.00"
"NTC","2024-03-18","855","875","848","869","1.16 %","33,901.00"
"NTC","2024-03-17","865","874","855.1","859","-0.69 %","7,075.00"
"NTC","2024-03-14","860","872.9","855","865","-0.12 %","15,738.00"
"NTC","2024-03-13","885.3","885.3","856","866","-0.23 %","18,601.00"
"NTC","2024-03-12","877","877","859","868","0.94 %","24,704.00"
"NTC","2024-03-10","869.9","872","856","859.9","0.57 %","10,552.00"
"NTC","2024-03-07","859","865","845","855","1.18 %","13,007.00"
"NTC","2024-03-06","856.8","856.8","837.1","845","0.60 %","14,915.00"
"NTC","2024-03-05","880","880","840","840","-4.55 %","29,705.00"
"NTC","2024-03-04","847.6","881.2","847.6","880","5.90 %","1,405.00"
"NTC","2024-03-03","840","846","825.2","831","-0.60 %","23,122.00"
"NTC","2024-02-29","850","850","835","836","-0.83 %","19,878.00"
"NTC","2024-02-28","844","850","837","843","-0.11 %","15,047.00"
"NTC","2024-02-27","854.9","854.9","838","843.9","-0.13 %","8,580.00"
"NTC","2024-02-26","835","849","834","845","1.31 %","15,091.00"
"NTC","2024-02-25","847","850","834.1","834.1","-1.52 %","28,333.00"
"NTC","2024-02-22","872.1","872.1","846","847","-0.94 %","27,725.00"
"NTC","2024-02-21","869","869","848","855","-0.47 %","17,903.00"
"NTC","2024-02-20","860","874","855","859","-0.12 %","17,433.00"
"NTC","2024-02-18","860","870","853","860","-0.81 %","26,000.00"
"NTC","2024-02-15","885","885","860","867","-1.14 %","22,439.00"
"NTC","2024-02-14","868","941.6","860","877","1.39 %","24,753.00"
"NTC","2024-02-13","880","880","865","865","-1.70 %","51,665.00"
"NTC","2024-02-12","878","890","864","880","-0.11 %","16,664.00"
"NTC","2024-02-11","898.9","898.9","880","881","-0.68 %","19,935.00"
"NTC","2024-02-08","907","907","877","887","-0.34 %","18,842.00"
"NTC","2024-02-07","903","903","888","890","-1.44 %","27,937.00"
"NTC","2024-02-06","932.5","932.5","880","903","-5.10 %","81,720.00"
"NTC","2024-02-05","870","951.5","865.1","951.5","10.00 %","30,479.00"
"NTC","2024-02-04","869.5","871","851.7","865","-0.46 %","16,378.00"
"NTC","2024-02-01","877.8","889","865","869","-1.03 %","10,944.00"
"NTC","2024-01-31","900","919.3","866","878","-0.65 %","22,328.00"
"NTC","2024-01-30","895","912.9","880","883.7","0.65 %","35,024.00"
"NTC","2024-01-29","875","910","873.9","878","0.34 %","22,068.00"
"NTC","2024-01-28","882","882","864.6","875","0.82 %","24,999.00"
"NTC","2024-01-25","870","876","860.1","867.9","-0.24 %","23,071.00"
"NTC","2024-01-24","875.9","900","869","870","0.13 %","19,150.00"
"NTC","2024-01-23","867","874","860","868.9","0.22 %","16,920.00"
"NTC","2024-01-22","875","880","865.3","867","-0.69 %","19,443.00"
"NTC","2024-01-21","885.1","898.6","870","873","-1.24 %","42,218.00"
"NTC","2024-01-18","882","907.8","882","884","-1.78 %","36,676.00"
"NTC","2024-01-17","910","916","887.3","900","0.22 %","67,387.00"
"NTC","2024-01-16","915","915","890","898","-0.32 %","49,827.00"
"NTC","2024-01-14","905","910.8","900","900.9","0.88 %","20,626.00"
"NTC","2024-01-11","918","918","890.1","893","-2.08 %","30,715.00"
"NTC","2024-01-10","905","915","895","912","1.90 %","57,777.00"
"NTC","2024-01-09","900","908","893","895","1.24 %","76,532.00"
"NTC","2024-01-08","875","891","865","884","1.26 %","39,425.00"
"NTC","2024-01-07","900","903","870","873","-3.32 %","64,380.00"
"NTC","2024-01-04","936","936","903","903","-5.45 %","60,493.00"
"NTC","2024-01-03","943","958","940","955","1.60 %","86,089.00"
"NTC","2024-01-02","945","945","937","940","-0.21 %","44,608.00"
"NTC","2024-01-01","955","955","935","942","0.11 %","55,788.00"
"NTC","2023-12-28","958","960","935","941","-0.11 %","27,938.00"
"NTC","2023-12-27","965","969","931","942","-1.36 %","54,905.00"
"NTC","2023-12-24","958.9","1000","953","955","1.58 %","135,461.00"
"NTC","2023-12-21","960","977","934","940.1","-0.94 %","76,644.00"
"NTC","2023-12-20","957","960","938","949","0.32 %","78,551.00"
"NTC","2023-12-19","959","959","930","946","0.32 %","42,626.00"
"NTC","2023-12-18","926.5","955","916","943","2.61 %","88,924.00"
"NTC","2023-12-17","919","921","890","919","2.00 %","43,044.00"
"NTC","2023-12-14","896","908","893.5","901","0.45 %","15,328.00"
"NTC","2023-12-13","905","916","895","897","-0.66 %","37,042.00"
"NTC","2023-12-12","880","905","870","903","2.61 %","43,984.00"
"NTC","2023-12-11","900","900","866","880","-1.11 %","30,906.00"
"NTC","2023-12-10","872.1","890","872.1","889.9","4.08 %","2,880.00"
"NTC","2023-12-07","855","860","850","855","0.35 %","9,190.00"
"NTC","2023-12-06","851","855","848","852","-0.12 %","18,921.00"
"NTC","2023-12-05","856","870","852","853","-0.58 %","7,401.00"
"NTC","2023-12-04","875","875","855","858","-0.23 %","7,178.00"
"NTC","2023-12-03","879","879","857.1","860","-0.58 %","5,350.00"
"NTC","2023-11-30","865","870","858.1","865","0.12 %","9,228.00"
"NTC","2023-11-29","868","870","863","864","0.12 %","10,774.00"
"NTC","2023-11-28","886.8","886.8","862.1","863","-0.80 %","7,746.00"
"NTC","2023-11-27","868","885","863","870","0.23 %","11,511.00"
"NTC","2023-11-26","855","870","851.1","868","1.76 %","13,742.00"
"NTC","2023-11-23","849","855","838.3","853","0.38 %","6,308.00"
"NTC","2023-11-22","850","850.8","840","849.8","1.17 %","4,717.00"
"NTC","2023-11-21","857","857","840","840","-1.06 %","9,094.00"
"NTC","2023-11-20","864.9","864.9","841","849","0.07 %","6,911.00"
"NTC","2023-11-09","850.9","850.9","829.2","848.4","-0.29 %","18,156.00"
"NTC","2023-11-08","852","853.5","845","850.9","-0.12 %","4,003.00"
"NTC","2023-11-07","850","855","845.2","851.9","0.94 %","6,146.00"
"NTC","2023-11-06","838","850","838","844","0.72 %","8,444.00"
"NTC","2023-11-05","840.1","842","835.9","838","-0.48 %","12,629.00"
"NTC","2023-11-02","850","850","840","842","-0.71 %","4,272.00"
"NTC","2023-11-01","847.5","854","840","848","0.07 %","6,120.00"
"NTC","2023-10-31","864.5","864.5","845","847.4","-0.04 %","4,360.00"
"NTC","2023-10-30","843","850","839.1","847.7","0.55 %","7,017.00"
"NTC","2023-10-29","869","869","841","843.1","-1.14 %","6,340.00"
"NTC","2023-10-19","850","855","832","852.8","0.73 %","15,773.00"
"NTC","2023-10-18","842.9","847","840","846.6","1.74 %","5,640.00"
"NTC","2023-10-17","830","843.5","830","832.1","0.54 %","8,652.00"
"NTC","2023-10-16","833","835","826","827.6","-0.41 %","13,776.00"
"NTC","2023-10-12","845","845","830.1","831","0.00 %","16,466.00"
"NTC","2023-10-11","825.1","839","825.1","831","0.24 %","10,625.00"
"NTC","2023-10-10","840","849.7","827","829","-0.60 %","10,882.00"
"NTC","2023-10-09","840","844","831.2","834","-0.83 %","10,799.00"
"NTC","2023-10-08","866","866","835.1","841","-1.06 %","10,738.00"
"NTC","2023-10-05","866.9","866.9","850","850","-0.20 %","8,845.00"
"NTC","2023-10-04","863.9","863.9","849.2","851.7","0.32 %","8,183.00"
"NTC","2023-10-03","850","866.4","848","849","-0.81 %","7,530.00"
"NTC","2023-10-02","868.9","868.9","849","855.9","0.46 %","11,178.00"
"NTC","2023-10-01","865","865","850.1","852","-1.50 %","7,665.00"
"NTC","2023-09-27","860.1","877.3","860.1","865","-0.92 %","11,335.00"
"NTC","2023-09-26","886.3","886.3","870","873","0.46 %","11,051.00"
"NTC","2023-09-25","871","879","865","869","-0.17 %","4,257.00"
"NTC","2023-09-24","868","880","867.1","870.5","-0.74 %","18,097.00"
"NTC","2023-09-21","878","887","865","877","1.86 %","21,896.00"
"NTC","2023-09-19","861","867","855","861","0.00 %","3,950.00"
"NTC","2023-09-18","869","869","850","861","0.48 %","4,533.00"
"NTC","2023-09-17","865","880","850","856.9","-1.51 %","12,927.00"
"NTC","2023-09-13","865","871","855","870","2.35 %","17,650.00"
"NTC","2023-09-12","861","861","845","850","0.59 %","9,063.00"
"NTC","2023-09-11","840","854","840","845","0.60 %","37,780.00"
"NTC","2023-09-10","842","854.7","835","840","0.00 %","15,652.00"
"NTC","2023-09-07","860","865","830","840","-2.44 %","34,921.00"
"NTC","2023-09-05","860","865","855","861","0.23 %","6,612.00"
"NTC","2023-09-04","860","860","846.5","859","0.47 %","11,936.00"
"NTC","2023-09-03","850","868","850","855","-1.16 %","12,011.00"
"NTC","2023-08-30","870","870","850","865","-0.56 %","32,666.00"
"NTC","2023-08-29","874.9","874.9","854.9","869.9","-0.01 %","35,039.00"
"NTC","2023-08-28","874.9","875","865","870","0.12 %","10,231.00"
"NTC","2023-08-27","890","890","865","869","-0.69 %","16,859.00"
"NTC","2023-08-24","875","889","866","875","-0.35 %","13,331.00"
"NTC","2023-08-23","879.5","890","877","878.1","0.58 %","10,744.00"
"NTC","2023-08-22","875","875","860","873","1.28 %","10,893.00"
"NTC","2023-08-21","858","872.5","852.2","862","0.35 %","15,751.00"
"NTC","2023-08-20","875","878.5","856","859","-1.60 %","14,577.00"
"NTC","2023-08-17","873","880","867.3","873","-0.10 %","18,623.00"
"NTC","2023-08-16","877.1","881.1","860.1","873.9","-1.25 %","50,296.00"
"NTC","2023-08-15","878","895","878","885","-0.56 %","21,232.00"
"NTC","2023-08-14","901","904","889","890","-0.69 %","14,776.00"
"NTC","2023-08-13","876.2","909","876.2","896.2","0.25 %","26,530.00"
"NTC","2023-08-10","867.3","903","867.3","894","1.02 %","23,414.00"
"NTC","2023-08-09","855","895","845.1","885","3.75 %","20,804.00"
"NTC","2023-08-08","870","875","853","853","-1.84 %","22,867.00"
"NTC","2023-08-07","875","879","865","869","-0.11 %","18,040.00"
"NTC","2023-08-06","894","894","860","870","-0.90 %","27,076.00"
"NTC","2023-08-03","896.4","896.4","874","877.9","-0.11 %","13,892.00"
"NTC","2023-08-02","882","888","875","878.9","0.22 %","14,691.00"
"NTC","2023-08-01","890","903.9","870","877","-1.07 %","23,012.00"
"NTC","2023-07-31","876","900","876","886.5","0.17 %","15,425.00"
"NTC","2023-07-30","900.1","909","880.2","885","-1.67 %","33,678.00"
"NTC","2023-07-27","920","920","900","900","-1.42 %","33,243.00"
"NTC","2023-07-26","930.7","930.7","910.1","913","0.05 %","22,876.00"
"NTC","2023-07-25","950.6","950.6","912.5","912.5","-2.09 %","48,767.00"
"NTC","2023-07-24","926","939","910","932","1.08 %","109,645.00"
"NTC","2023-07-23","913","930","906","922","1.10 %","42,672.00"
"NTC","2023-07-20","919","924","910","912","-0.33 %","34,496.00"
"NTC","2023-07-19","929.9","929.9","912","915","-0.87 %","32,094.00"
"NTC","2023-07-18","930","930","916.5","923","0.54 %","41,417.00"
"NTC","2023-07-17","916.9","920","900.1","918","1.22 %","36,302.00"
"NTC","2023-07-16","902.3","914","902.3","906.9","0.51 %","24,783.00"
"NTC","2023-07-13","919","924.9","900","902.3","-0.85 %","131,115.00"
"NTC","2023-07-12","915","915","900","910","1.34 %","94,463.00"
"NTC","2023-07-11","905","916","891.2","898","-0.22 %","20,063.00"
"NTC","2023-07-10","916.9","916.9","890","900","0.11 %","40,015.00"
"NTC","2023-07-09","870","900","870","899","3.33 %","39,333.00"
"NTC","2023-07-06","880","886.4","861.5","870","-0.34 %","29,813.00"
"NTC","2023-07-05","909.8","909.8","870","873","-2.13 %","36,675.00"
"NTC","2023-07-04","885","893.9","875","892","1.71 %","32,624.00"
"NTC","2023-07-03","889","895","871.7","877","-1.35 %","66,244.00"
"NTC","2023-07-02","930","930","887","889","-2.84 %","76,323.00"
"NTC","2023-06-28","950","950","910","915","-3.89 %","107,004.00"
"NTC","2023-06-27","930","985","910","952","3.48 %","97,573.00"
"NTC","2023-06-26","926.5","955","910","920","0.11 %","75,403.00"
"NTC","2023-06-25","890","952","881","919","4.67 %","202,761.00"
"NTC","2023-06-22","870","892","870","878","0.92 %","64,507.00"
"NTC","2023-06-21","872","890","862","870","-0.23 %","97,562.00"
"NTC","2023-06-20","900","910","870","872","-2.57 %","114,493.00"
"NTC","2023-06-19","875","900","867","895","4.28 %","203,411.00"
"NTC","2023-06-18","827","861.9","809","858.3","5.83 %","176,751.00"
"NTC","2023-06-15","809","820","798","811","0.25 %","46,735.00"
"NTC","2023-06-14","795","832","793.1","809","2.66 %","158,579.00"
"NTC","2023-06-13","798.6","800","778","788","0.64 %","66,446.00"
"NTC","2023-06-12","785","813.9","779","783","0.51 %","61,440.00"
"NTC","2023-06-11","775","788.9","768","779","0.52 %","104,412.00"
"NTC","2023-06-08","770","799","768.4","775","-0.64 %","106,070.00"
"NTC","2023-06-07","788","824","777.2","780","0.39 %","83,162.00"
"NTC","2023-06-06","788","788","774.3","777","-0.14 %","93,806.00"
"NTC","2023-06-05","789","795","776.3","778.1","-1.13 %","34,273.00"
"NTC","2023-06-04","770","801.1","770","787","2.54 %","22,807.00"
"NTC","2023-06-01","766","775","758","767.5","0.39 %","27,532.00"
"NTC","2023-05-31","770","779.5","759.5","764.5","-1.34 %","57,870.00"
"NTC","2023-05-30","816","816","770","774.9","-3.14 %","75,168.00"
"NTC","2023-05-28","810","811","794.2","800","-0.62 %","113,656.00"
"NTC","2023-05-24","797","805","792.9","805","1.26 %","55,535.00"
"NTC","2023-05-23","780","798.9","780","795","2.05 %","114,275.00"
"NTC","2023-05-22","780","789","775","779","-0.38 %","18,874.00"
"NTC","2023-05-21","794","795","780.1","782","0.36 %","46,307.00"
"NTC","2023-05-18","792","792","775.1","779.2","0.28 %","110,951.00"
"NTC","2023-05-17","770","780.5","763","777","2.51 %","61,570.00"
"NTC","2023-05-16","760","775","758","758","-1.49 %","19,671.00"
"NTC","2023-05-15","787","787","763.2","769.5","-0.00 %","23,018.00"
"NTC","2023-05-14","800","800","770","773","-2.15 %","26,672.00"
"NTC","2023-05-11","799","799","774.2","790","-0.50 %","40,306.00"
"NTC","2023-05-10","796","800","789","794","-0.74 %","32,368.00"
"NTC","2023-05-09","810","810","795","799.9","0.48 %","18,957.00"
"NTC","2023-05-08","813","813","796","796.1","-0.25 %","12,843.00"
"NTC","2023-05-07","799.1","808","798.1","798.1","-0.36 %","10,939.00"
"NTC","2023-05-04","809","809","796","801","0.13 %","18,637.00"
"NTC","2023-05-03","800.1","813.8","798.1","800","-0.36 %","16,762.00"
"NTC","2023-05-02","802","805","798.1","802.9","0.11 %","28,548.00"
"NTC","2023-04-30","809","813","802","802","-0.50 %","22,126.00"
"NTC","2023-04-27","814","814","805","806","-0.62 %","6,808.00"
"NTC","2023-04-26","807","820","807","811","-0.37 %","8,183.00"
"NTC","2023-04-25","808","814.9","808","814","0.52 %","5,849.00"
"NTC","2023-04-24","803","812","803","809.8","0.35 %","5,625.00"
"NTC","2023-04-23","800.1","810","800.1","807","-0.37 %","10,386.00"
"NTC","2023-04-20","830","830","810","810","-0.86 %","6,527.00"
"NTC","2023-04-19","825","825","813","817","0.00 %","2,362.00"
"NTC","2023-04-18","798","824","798","817","0.37 %","11,557.00"
"NTC","2023-04-17","806","828","806","814","-0.61 %","7,349.00"
"NTC","2023-04-16","805","829","805","819","0.12 %","15,348.00"
"NTC","2023-04-13","830","838","815","818","-1.21 %","10,302.00"
"NTC","2023-04-12","820","828","808","828","2.86 %","12,123.00"
"NTC","2023-04-11","810","810","794","805","1.00 %","14,347.00"
"NTC","2023-04-10","800","805","795.3","797","-0.36 %","9,668.00"
"NTC","2023-04-09","804","809","797.2","799.9","-0.94 %","12,745.00"
"NTC","2023-04-06","815","819.5","807.1","807.5","-0.25 %","7,334.00"
"NTC","2023-04-05","806","815","791","809.5","0.43 %","8,026.00"
"NTC","2023-04-04","808","812","803","806","-0.25 %","9,180.00"
"NTC","2023-04-03","806","822","806","808","-0.49 %","11,957.00"
"NTC","2023-04-02","814","828","806","812","-0.25 %","14,656.00"
"NTC","2023-03-30","826","826","810","814","-0.25 %","14,105.00"
"NTC","2023-03-29","815","820","811","816","0.37 %","8,185.00"
"NTC","2023-03-28","830.3","830.3","810","813","-0.14 %","23,201.00"
"NTC","2023-03-27","795.8","819.8","795.8","814.1","0.26 %","16,743.00"
"NTC","2023-03-26","811","824","807.7","812","0.12 %","13,639.00"
"NTC","2023-03-23","815","819.9","810","811","-1.04 %","10,763.00"
"NTC","2023-03-22","830","833.9","813.4","819.5","-0.30 %","11,790.00"
"NTC","2023-03-20","828.9","828.9","818","822","0.61 %","5,523.00"
"NTC","2023-03-19","816","826","814","817","0.15 %","8,415.00"
"NTC","2023-03-16","818","819","812.2","815.8","0.10 %","8,860.00"
"NTC","2023-03-15","820","821","812.3","815","-0.49 %","11,515.00"
"NTC","2023-03-14","827.5","827.5","810","819","0.61 %","11,145.00"
"NTC","2023-03-13","833.3","833.3","810","814","-0.37 %","13,798.00"
"NTC","2023-03-12","840.4","840.4","815","817","-0.85 %","15,891.00"
"NTC","2023-03-09","820","824.9","811","824","1.73 %","13,679.00"
"NTC","2023-03-07","810","820","805.3","810","0.37 %","7,177.00"
"NTC","2023-03-05","824","824","806.1","807","-0.49 %","15,517.00"
"NTC","2023-03-02","826","826","811","811","-0.52 %","16,158.00"
"NTC","2023-03-01","829.3","829.3","814","815.2","-0.34 %","14,125.00"
"NTC","2023-02-28","837.9","837.9","818","818","-0.84 %","17,095.00"
"NTC","2023-02-27","836.5","836.5","813","824.9","0.59 %","15,805.00"
"NTC","2023-02-26","815","825","805","820.1","0.01 %","24,360.00"
"NTC","2023-02-23","826","838","817","820","-1.68 %","28,766.00"
"NTC","2023-02-22","839","839","826","834","1.30 %","23,713.00"
"NTC","2023-02-20","830","835","823.3","823.3","-1.64 %","23,621.00"
"NTC","2023-02-16","835","840.8","825","837","0.84 %","17,417.00"
"NTC","2023-02-15","835.1","842","828","830","-0.60 %","21,537.00"
"NTC","2023-02-14","848","848","833","835","0.12 %","14,750.00"
"NTC","2023-02-12","831.2","853","831.2","834","-1.65 %","39,583.00"
"NTC","2023-02-09","835","858","835","848","-0.47 %","20,363.00"
"NTC","2023-02-08","837","866","837","852","-0.23 %","43,049.00"
"NTC","2023-02-07","835","854","835","854","2.40 %","33,627.00"
"NTC","2023-02-06","844","844","830","834","-0.12 %","28,674.00"
"NTC","2023-02-05","846","846","827","835","0.20 %","36,242.00"
"NTC","2023-02-02","855.7","855.7","833","833.3","-0.68 %","18,911.00"
"NTC","2023-02-01","819.3","868","819.3","839","0.36 %","46,155.00"
"NTC","2023-01-31","856","856","836","836","-0.59 %","33,308.00"
"NTC","2023-01-30","868","868","840","841","-1.29 %","59,696.00"
"NTC","2023-01-29","882","882","851","852","-1.50 %","42,494.00"
"NTC","2023-01-26","887.2","887.2","859.2","865","-0.56 %","28,285.00"
"NTC","2023-01-25","880","889.8","867","869.9","-2.15 %","56,067.00"
"NTC","2023-01-24","852","896","850","889","3.49 %","149,890.00"
"NTC","2023-01-23","875","875","855","859","-0.92 %","62,199.00"
"NTC","2023-01-19","875","879.9","865.2","867","-0.80 %","40,453.00"
"NTC","2023-01-18","872","892","870","874","-0.57 %","108,034.00"
"NTC","2023-01-17","880","886","866.1","879","1.23 %","36,669.00"
"NTC","2023-01-12","896","910","868","868.3","-1.22 %","56,435.00"
"NTC","2023-01-10","905","933","877.1","879","-1.79 %","163,518.00"
"NTC","2023-01-09","900.5","905","883","895","1.37 %","98,408.00"
"NTC","2023-01-08","885","895","880","882.9","-0.24 %","59,479.00"
"NTC","2023-01-05","895","908","880","885","-1.12 %","52,409.00"
"NTC","2023-01-04","886","902","875","895","2.99 %","113,214.00"
"NTC","2023-01-03","881.1","941","868","869","-1.81 %","89,764.00"
"NTC","2023-01-02","903.6","903.6","879","885","-4.01 %","94,264.00"
"NTC","2023-01-01","928.2","932","909","922","1.32 %","215,904.00"
"NTC","2022-12-29","898","911","891","910","1.34 %","120,931.00"
"NTC","2022-12-28","934","934","892","898","-1.95 %","43,881.00"
"NTC","2022-12-27","900","917","896","915.9","1.77 %","155,133.00"
"NTC","2022-12-26","934","934","875","900","-5.56 %","235,177.00"
"NTC","2022-12-22","898.7","953","860","953","3.93 %","171,553.00"
"NTC","2022-12-21","945","945","912","917","-1.50 %","32,531.00"
"NTC","2022-12-20","920","945","903.1","931","1.75 %","68,574.00"
"NTC","2022-12-19","887","921","887","915","3.16 %","41,541.00"
"NTC","2022-12-18","900","907.9","885","887","-1.80 %","54,549.00"
"NTC","2022-12-15","895.1","915","895.1","903.3","-0.63 %","58,745.00"
"NTC","2022-12-14","902","914","895","909","-0.10 %","59,297.00"
"NTC","2022-12-13","903.6","912","874","909.9","-1.31 %","67,105.00"
"NTC","2022-12-12","869","922","854.1","922","7.46 %","15,365.00"
"NTC","2022-12-11","879","885.9","858","858","-1.22 %","14,323.00"
"NTC","2022-12-07","861","878","861","868.6","-0.39 %","9,359.00"
"NTC","2022-12-06","884","884","865","872","0.11 %","9,186.00"
"NTC","2022-12-05","886","890","869","871","-2.02 %","17,667.00"
"NTC","2022-12-04","890","890","875","889","0.91 %","38,812.00"
"NTC","2022-12-01","893.7","893.7","874","881","0.55 %","24,002.00"
"NTC","2022-11-30","890","890","875","876.2","-0.43 %","7,550.00"
"NTC","2022-11-29","880","889","867.1","880","0.57 %","14,036.00"
"NTC","2022-11-28","887","895","870","875","-1.13 %","25,599.00"
"NTC","2022-11-27","869","885","866","885","1.84 %","111,675.00"
"NTC","2022-11-24","864","869","851","869","2.00 %","9,936.00"
"NTC","2022-11-23","870","870","844","852","-0.81 %","14,268.00"
"NTC","2022-11-22","871","890","855","859","-1.26 %","16,150.00"
"NTC","2022-11-17","875","875","860","870","1.26 %","32,538.00"
"NTC","2022-11-16","860","865","848","859.2","0.26 %","7,808.00"
"NTC","2022-11-15","865","875","852","857","-0.81 %","54,008.00"
"NTC","2022-11-14","840","865","840","864","2.37 %","10,894.00"
"NTC","2022-11-13","842","859","840","844","-0.12 %","12,627.00"
"NTC","2022-11-10","855","864.9","840.1","845","-1.17 %","19,165.00"
"NTC","2022-11-09","893","893","851","855","-2.41 %","20,211.00"
"NTC","2022-11-08","881","890","867","876.1","-0.44 %","17,721.00"
"NTC","2022-11-07","898","900","870.1","880","-0.45 %","38,986.00"
"NTC","2022-11-06","859","891.4","859","884","2.91 %","24,715.00"
"NTC","2022-11-03","875","875","854","859","-1.26 %","26,062.00"
"NTC","2022-11-02","870","893","855","870","0.12 %","42,072.00"
"NTC","2022-11-01","835","869","820","869","4.45 %","25,491.00"
"NTC","2022-10-31","820","832","810.1","832","2.19 %","11,528.00"
"NTC","2022-10-23","818","820","808","814.2","0.85 %","17,266.00"
"NTC","2022-10-20","806.3","814","805","807.3","0.16 %","8,065.00"
"NTC","2022-10-19","831","831","805","806","-1.10 %","13,133.00"
"NTC","2022-10-17","813","820","809.1","815","0.62 %","8,434.00"
"NTC","2022-10-16","826.9","826.9","810","810","-0.49 %","16,092.00"
"NTC","2022-10-13","824","827","810","814","-0.29 %","25,682.00"
"NTC","2022-10-12","825","825","805","815.5","0.68 %","16,965.00"
"NTC","2022-10-11","827","827","806.2","810","-1.22 %","23,765.00"
"NTC","2022-10-10","845","845","810","820","-1.07 %","17,325.00"
"NTC","2022-10-09","826","829.9","815","828.9","2.33 %","17,643.00"
"NTC","2022-09-29","810","820","809","810","0.00 %","32,423.00"
"NTC","2022-09-28","813","826","810","810","0.00 %","15,145.00"
"NTC","2022-09-27","822","822","804","810","0.50 %","21,502.00"
"NTC","2022-09-25","808","824","803","806","-0.98 %","16,874.00"
"NTC","2022-09-22","834.8","834.8","812","814","-0.73 %","17,427.00"
"NTC","2022-09-21","832.9","833","817","820","0.37 %","13,011.00"
"NTC","2022-09-20","840","840","816.3","817","-1.45 %","21,524.00"
"NTC","2022-09-18","850","865","828.6","829","-2.47 %","63,945.00"
"NTC","2022-09-16","840","854.8","823","850","0.12 %","27,275.00"
"NTC","2022-09-15","888","893","845","849","-3.85 %","78,082.00"
"NTC","2022-09-14","869","887","861","883","2.70 %","30,005.00"
"NTC","2022-09-13","860","867","853.1","859.8","0.68 %","18,430.00"
"NTC","2022-09-12","870","874","850","854","-0.74 %","22,132.00"
"NTC","2022-09-11","878.9","879","860","860.4","-0.19 %","23,813.00"
"NTC","2022-09-08","875","875","860.3","862","-0.92 %","26,769.00"
"NTC","2022-09-07","885","885","865","870","0.00 %","59,346.00"
"NTC","2022-09-06","902.7","902.7","869","870","-1.69 %","43,347.00"
"NTC","2022-09-05","895","905","885","885","-1.12 %","25,058.00"
"NTC","2022-09-04","895","912","893.1","895","-1.86 %","72,866.00"
"NTC","2022-09-02","900","918","893","912","-0.33 %","111,704.00"
"NTC","2022-09-01","911","916","893","915","-1.39 %","135,652.00"
"NTC","2022-08-31","930","930","900","927.9","-1.29 %","117,457.00"
"NTC","2022-08-30","910","955","893","940","3.30 %","104,965.00"
"NTC","2022-08-29","919","919","883","910","1.00 %","125,140.00"
"NTC","2022-08-28","905","907.9","883","901","-0.30 %","55,747.00"
"NTC","2022-08-26","907","943","882.1","903.7","0.75 %","43,622.00"
"NTC","2022-08-25","920","924","890","897","-1.96 %","24,505.00"
"NTC","2022-08-24","935","935","906","914.9","-0.55 %","19,568.00"
"NTC","2022-08-23","905","927","905","920","0.55 %","27,354.00"
"NTC","2022-08-22","934","934","913","915","-0.66 %","21,653.00"
"NTC","2022-08-21","929","955","915.8","921.1","-1.80 %","69,871.00"
"NTC","2022-08-18","929","938.5","907","938","2.63 %","46,804.00"
"NTC","2022-08-17","930.7","930.7","895","914","0.16 %","36,527.00"
"NTC","2022-08-16","925","938","901","912.5","-0.82 %","60,891.00"
"NTC","2022-08-15","870","923","863","920","6.98 %","76,147.00"
"NTC","2022-08-14","870","875","850","860","-0.58 %","29,580.00"
"NTC","2022-08-11","870.2","895","865","865","-1.70 %","41,166.00"
"NTC","2022-08-10","870.3","895","853","880","-0.90 %","53,505.00"
"NTC","2022-08-09","912.1","939","872.2","888","-4.21 %","87,047.00"
"NTC","2022-08-08","946","960","927","927","-2.93 %","34,532.00"
"NTC","2022-08-07","938","955","921","955","1.81 %","55,868.00"
"NTC","2022-08-05","929","938","912.4","938","0.97 %","51,628.00"
"NTC","2022-08-04","950","950","929","929","-2.42 %","51,721.00"
"NTC","2022-08-03","954","972","947","952","-1.14 %","39,472.00"
"NTC","2022-08-02","972","987","945","963","-0.92 %","51,573.00"
"NTC","2022-08-01","999","999","965","971.9","-0.83 %","72,707.00"
"NTC","2022-07-31","960","1007.7","960","980","2.19 %","154,031.00"
"NTC","2022-07-29","935","983","916.3","959","2.57 %","51,727.00"
"NTC","2022-07-28","915","944.5","907.5","935","0.86 %","55,559.00"
"NTC","2022-07-27","891","927","882","927","3.00 %","39,149.00"
"NTC","2022-07-26","934","937","897","900","-3.22 %","49,855.00"
"NTC","2022-07-25","924","941","911.1","929.9","0.53 %","124,350.00"
"NTC","2022-07-24","888.4","925","870","925","6.20 %","27,976.00"
"NTC","2022-07-22","895","895","867","871","-2.67 %","21,218.00"
"NTC","2022-07-21","888","922","871","894.9","0.78 %","36,206.00"
"NTC","2022-07-20","889","889.8","865.1","888","0.91 %","37,398.00"
"NTC","2022-07-19","875.1","892.5","870","880","0.11 %","57,669.00"
"NTC","2022-07-18","870","879.9","856","879","1.75 %","46,620.00"
"NTC","2022-07-17","879","879","860","863.9","-1.71 %","51,593.00"
"NTC","2022-07-15","871.1","893","871.1","878.9","-0.91 %","13,897.00"
"NTC","2022-07-14","902.9","902.9","870","887","-0.22 %","55,173.00"
"NTC","2022-07-13","857.2","890","845","889","5.78 %","74,362.00"
"NTC","2022-07-12","861","865","835","840.4","-0.54 %","46,784.00"
"NTC","2022-07-11","890","890","841","845","-3.87 %","44,078.00"
"NTC","2022-07-08","882","911.7","870","879","-1.35 %","42,351.00"
"NTC","2022-07-07","929.9","930.2","890","891","-2.30 %","27,912.00"
"NTC","2022-07-06","917","919","875","912","1.22 %","27,691.00"
"NTC","2022-07-05","925","956","898.7","901","-3.94 %","41,885.00"
"NTC","2022-07-04","966.9","973","910","938","-1.05 %","62,641.00"
"NTC","2022-07-03","890","953","885.1","948","5.92 %","36,721.00"
"NTC","2022-07-01","928.2","928.2","893.5","895","-1.65 %","26,002.00"
"NTC","2022-06-30","890","911","883","910","4.00 %","34,324.00"
"NTC","2022-06-29","851","886.9","851","875","1.27 %","12,249.00"
"NTC","2022-06-28","863","879.9","850","864","-1.82 %","28,864.00"
"NTC","2022-06-27","920","921.8","874","880","-4.02 %","42,005.00"
"NTC","2022-06-26","883.9","916.9","870","916.9","5.76 %","51,086.00"
"NTC","2022-06-24","859.9","870","835","867","2.00 %","14,587.00"
"NTC","2022-06-23","865","865","828.5","850","-1.16 %","22,562.00"
"NTC","2022-06-22","875","885","844","860","-2.27 %","12,801.00"
"NTC","2022-06-21","845","880","838","880","3.17 %","136,279.00"
"NTC","2022-06-20","867.5","867.5","835","853","-1.67 %","128,182.00"
"NTC","2022-06-19","891","891","849.8","867.5","-2.53 %","117,343.00"
"NTC","2022-06-17","899","912","885","890","-0.56 %","112,759.00"
"NTC","2022-06-16","850","899.6","850","895","3.47 %","159,073.00"
"NTC","2022-06-15","853","870","842.9","865","1.17 %","146,823.00"
"NTC","2022-06-14","883","905","855","855","-3.93 %","15,545.00"
"NTC","2022-06-13","890","905.1","875","890","0.20 %","8,215.00"
"NTC","2022-06-10","906.9","906.9","881","888.2","-2.06 %","6,406.00"
"NTC","2022-06-09","930","939","895","906.9","-1.96 %","22,172.00"
"NTC","2022-06-08","872.2","940","872.2","925","4.05 %","14,430.00"
"NTC","2022-06-07","922","922","880","889","-2.31 %","12,180.00"
"NTC","2022-06-06","906","915","888","910","0.66 %","12,185.00"
"NTC","2022-06-03","897","914","890","904","-1.20 %","14,867.00"
"NTC","2022-06-02","945","945","900","915","-1.72 %","29,228.00"
"NTC","2022-06-01","930","937","915","931","0.34 %","8,733.00"
"NTC","2022-05-31","935","945.9","905","927.8","-0.77 %","24,885.00"
"NTC","2022-05-30","967","970","932","935","-2.50 %","52,281.00"
"NTC","2022-05-27","990","990","950","959","-2.29 %","19,698.00"
"NTC","2022-05-26","1000","1002","968","981.5","-1.36 %","16,611.00"
"NTC","2022-05-25","1002","1002","970","995","0.71 %","8,376.00"
"NTC","2022-05-24","979","991","946","988","0.92 %","7,115.00"
"NTC","2022-05-23","990","990","945.7","979","0.62 %","24,855.00"
"NTC","2022-05-20","1005","1005","973","973","-1.72 %","14,516.00"
"NTC","2022-05-19","996","1015.9","980","990","-0.60 %","12,366.00"
"NTC","2022-05-18","962.4","1013.9","962.4","996","0.01 %","14,598.00"
"NTC","2022-05-17","1058","1058","980","982","-6.80 %","27,925.00"
"NTC","2022-05-12","1050","1070","1029.1","1053.6","0.34 %","51,491.00"
"NTC","2022-05-11","1040","1050","1018","1050","1.07 %","35,061.00"
"NTC","2022-05-10","1020","1050","1005","1038.9","1.85 %","37,180.00"
"NTC","2022-05-09","1010","1028","980","1020","0.99 %","77,958.00"
"NTC","2022-05-08","982","1010","947","1010","2.85 %","16,033.00"
"NTC","2022-05-05","980","989","945","982","0.20 %","22,683.00"
"NTC","2022-05-04","1000","1000","933.6","980","-0.91 %","35,215.00"
"NTC","2022-05-02","1032.9","1032.9","987","989","-3.98 %","33,068.00"
"NTC","2022-04-28","1054","1054","1020","1030","-1.81 %","11,410.00"
"NTC","2022-04-27","1020.2","1050.5","1020.2","1049","1.07 %","19,711.00"
"NTC","2022-04-26","1021","1052","1020","1037.9","-0.20 %","12,822.00"
"NTC","2022-04-25","1060","1069","1029","1040","-2.35 %","26,904.00"
"NTC","2022-04-24","1044","1081","1022","1065","3.90 %","30,215.00"
"NTC","2022-04-21","1005","1029","993","1025","3.02 %","23,004.00"
"NTC","2022-04-20","1049","1050","995","995","-3.68 %","21,929.00"
"NTC","2022-04-19","1004","1049","994","1033","1.77 %","18,361.00"
"NTC","2022-04-18","1060","1060","1008","1015","-3.33 %","16,956.00"
"NTC","2022-04-17","1070","1087","1035","1050","-1.50 %","47,487.00"
"NTC","2022-04-13","1050","1067","1028","1066","3.00 %","20,960.00"
"NTC","2022-04-12","1080","1080","1035","1035","-2.36 %","27,042.00"
"NTC","2022-04-11","1152","1175","1060","1060","-6.19 %","44,131.00"
"NTC","2022-04-07","1089","1130","1056.1","1130","5.81 %","41,082.00"
"NTC","2022-04-06","1042","1089.3","1034","1068","1.88 %","32,725.00"
"NTC","2022-04-05","1095","1109","1045","1048.3","-4.70 %","47,890.00"
"NTC","2022-04-04","1098.6","1150","1090.8","1100","-1.87 %","33,349.00"
"NTC","2022-04-03","1173","1173","1120","1121","-4.19 %","14,704.00"
"NTC","2022-03-31","1182","1199","1150","1170","-1.02 %","22,156.00"
"NTC","2022-03-30","1142.9","1184.9","1121.2","1182","5.04 %","59,049.00"
"NTC","2022-03-29","1121","1153","1121","1125.3","-0.72 %","35,001.00"
"NTC","2022-03-28","1170","1170","1130","1133.5","-3.12 %","45,167.00"
"NTC","2022-03-27","1230","1230","1147.1","1170","-4.16 %","80,695.00"
"NTC","2022-03-24","1511","1514.9","1464","1465","-2.85 %","158,549.00"
"NTC","2022-03-23","1532","1532","1490","1508","-1.31 %","50,574.00"
"NTC","2022-03-22","1490","1530","1490","1528","1.60 %","71,266.00"
"NTC","2022-03-21","1546","1555","1490","1504","-2.97 %","139,287.00"
"NTC","2022-03-20","1569","1575","1539.1","1550","-1.15 %","56,827.00"
"NTC","2022-03-16","1626","1628","1538.1","1568","-3.57 %","103,828.00"
"NTC","2022-03-15","1748.2","1748.2","1626","1626","-5.13 %","203,098.00"
"NTC","2022-03-14","1684","1729.9","1684","1714","-0.06 %","27,074.00"
"NTC","2022-03-13","1647.1","1715","1645","1715","4.19 %","116,597.00"
"NTC","2022-03-10","1660.3","1685","1636.8","1646","-2.02 %","79,402.00"
"NTC","2022-03-09","1689","1714","1643.7","1680","-0.53 %","62,897.00"
"NTC","2022-03-07","1643","1695","1632","1689","3.18 %","75,648.00"
"NTC","2022-03-06","1648","1649.9","1603","1637","0.80 %","51,278.00"
"NTC","2022-03-02","1650","1660","1617","1624","-3.04 %","86,931.00"
"NTC","2022-02-28","1705","1710","1651","1675","-1.41 %","65,556.00"
"NTC","2022-02-27","1690","1725","1659","1699","0.53 %","112,304.00"
"NTC","2022-02-24","1691.5","1741","1662.2","1690","-2.09 %","147,895.00"
"NTC","2022-02-23","1743.5","1799","1725","1726","-2.98 %","110,212.00"
"NTC","2022-02-22","1702.3","1799.9","1702.3","1779","2.42 %","121,539.00"
"NTC","2022-02-21","1701","1744","1693","1737","1.58 %","153,445.00"
"NTC","2022-02-20","1645.5","1711","1629.1","1710","1.85 %","112,672.00"
"NTC","2022-02-17","1650","1680","1645","1679","0.90 %","60,388.00"
"NTC","2022-02-16","1661.1","1683","1636","1664","0.54 %","89,535.00"
"NTC","2022-02-15","1607","1655","1593","1655","4.42 %","112,045.00"
"NTC","2022-02-14","1583","1613","1580","1585","0.13 %","106,968.00"
"NTC","2022-02-13","1593","1595.9","1570","1583","-2.57 %","118,823.00"
"NTC","2022-02-10","1590","1625","1588.1","1624.8","1.56 %","158,139.00"
"NTC","2022-02-09","1590","1599.9","1562","1599.9","0.62 %","92,469.00"
"NTC","2022-02-08","1600","1610","1568","1590","0.00 %","85,021.00"
"NTC","2022-02-07","1515","1590","1509.2","1590","3.25 %","157,172.00"
"NTC","2022-02-06","1550","1550","1509.5","1540","-1.28 %","88,745.00"
"NTC","2022-02-03","1575","1600","1516","1560","-0.51 %","104,116.00"
"NTC","2022-02-01","1543","1575","1543","1568","-0.13 %","55,701.00"
"NTC","2022-01-31","1520","1570","1500","1570","3.29 %","202,341.00"
"NTC","2022-01-30","1486","1540","1465","1520","4.12 %","157,615.00"
"NTC","2022-01-27","1455","1475","1441","1459.9","1.38 %","78,581.00"
"NTC","2022-01-26","1449","1459","1426","1440","-0.61 %","38,238.00"
"NTC","2022-01-25","1430","1485","1426.9","1448.9","-0.49 %","49,872.00"
"NTC","2022-01-24","1510","1510","1437","1456","-3.77 %","132,662.00"
"NTC","2022-01-23","1486","1525","1470","1513","3.84 %","213,430.00"
"NTC","2022-01-20","1436","1504.3","1432","1457","0.07 %","107,068.00"
"NTC","2022-01-19","1469.1","1550","1452.2","1456","-2.87 %","84,219.00"
"NTC","2022-01-18","1487","1546","1452","1499","2.81 %","169,325.00"
"NTC","2022-01-17","1463.7","1474","1416","1458","1.60 %","165,102.00"
"NTC","2022-01-16","1391","1455","1392","1435","3.16 %","151,494.00"
"NTC","2022-01-13","1391","1408.6","1375","1391","0.00 %","63,748.00"
"NTC","2022-01-12","1414","1439","1381.1","1391","-3.40 %","56,238.00"
"NTC","2022-01-11","1445","1445","1403","1440","0.59 %","97,060.00"
"NTC","2022-01-10","1360","1431.5","1336","1431.5","5.41 %","158,355.00"
"NTC","2022-01-09","1350","1370","1335","1358","2.03 %","89,981.00"
"NTC","2022-01-06","1327","1334","1300.6","1331","1.37 %","56,637.00"
"NTC","2022-01-05","1320","1346.4","1301","1313","-0.15 %","59,319.00"
"NTC","2022-01-04","1302.1","1329","1293","1315","-0.15 %","22,367.00"
"NTC","2022-01-03","1335","1335","1301.1","1317","-0.60 %","29,864.00"
"NTC","2022-01-02","1300","1341","1283","1325","3.27 %","79,727.00"